{
  "ROOT": {
    "type": { "resolvedName": "Container" },
    "isCanvas": true,
    "props": { "id": "root" },
    "displayName": "Container",
    "custom": {},
    "hidden": false,
    "nodes": ["FriNhtROwy"],
    "linkedNodes": {}
  },
  "FriNhtROwy": {
    "type": { "resolvedName": "Rows" },
    "isCanvas": false,
    "props": { "numberOfRows": 2, "gap": 0 },
    "displayName": "Rows",
    "custom": {},
    "parent": "ROOT",
    "hidden": false,
    "nodes": [],
    "linkedNodes": { "row-0": "2MXqRexgdw", "row-1": "2LLBnrIRb1" }
  },
  "2MXqRexgdw": {
    "type": { "resolvedName": "RowContent" },
    "isCanvas": true,
    "props": {},
    "displayName": "RowContent",
    "custom": {},
    "parent": "FriNhtROwy",
    "hidden": false,
    "nodes": ["TLkCbXivFR"],
    "linkedNodes": {}
  },
  "2LLBnrIRb1": {
    "type": { "resolvedName": "RowContent" },
    "isCanvas": true,
    "props": {},
    "displayName": "RowContent",
    "custom": {},
    "parent": "FriNhtROwy",
    "hidden": false,
    "nodes": [],
    "linkedNodes": {}
  },
  "TLkCbXivFR": {
    "type": { "resolvedName": "Columns" },
    "isCanvas": false,
    "props": { "numberOfCols": 2, "gap": 0 },
    "displayName": "Columns",
    "custom": {},
    "parent": "2MXqRexgdw",
    "hidden": false,
    "nodes": [],
    "linkedNodes": { "column-0": "cXb58PUPZX", "column-1": "p1vaPsGsgv" }
  },
  "cXb58PUPZX": {
    "type": { "resolvedName": "ColumnContent" },
    "isCanvas": true,
    "props": { "className": "col-span-5" },
    "displayName": "ColumnContent",
    "custom": {},
    "parent": "TLkCbXivFR",
    "hidden": false,
    "nodes": ["GH7aWUT4J0"],
    "linkedNodes": {}
  },
  "p1vaPsGsgv": {
    "type": { "resolvedName": "ColumnContent" },
    "isCanvas": true,
    "props": { "className": "col-span-5" },
    "displayName": "ColumnContent",
    "custom": {},
    "parent": "TLkCbXivFR",
    "hidden": false,
    "nodes": ["zz0Wk5i4OC"],
    "linkedNodes": {}
  },
  "GH7aWUT4J0": {
    "type": { "resolvedName": "Rows" },
    "isCanvas": false,
    "props": { "numberOfRows": 2, "gap": 0 },
    "displayName": "Rows",
    "custom": {},
    "parent": "cXb58PUPZX",
    "hidden": false,
    "nodes": [],
    "linkedNodes": { "row-0": "PIbRFzvgc6", "row-1": "LX5cvMvAn2" }
  },
  "PIbRFzvgc6": {
    "type": { "resolvedName": "RowContent" },
    "isCanvas": true,
    "props": {},
    "displayName": "RowContent",
    "custom": {},
    "parent": "GH7aWUT4J0",
    "hidden": false,
    "nodes": ["zC36CCy7iC"],
    "linkedNodes": {}
  },
  "LX5cvMvAn2": {
    "type": { "resolvedName": "RowContent" },
    "isCanvas": true,
    "props": {},
    "displayName": "RowContent",
    "custom": {},
    "parent": "GH7aWUT4J0",
    "hidden": false,
    "nodes": ["s8b5lEg_m8"],
    "linkedNodes": {}
  },
  "s8b5lEg_m8": {
    "type": { "resolvedName": "Columns" },
    "isCanvas": false,
    "props": { "numberOfCols": 3, "gap": 0 },
    "displayName": "Columns",
    "custom": {},
    "parent": "LX5cvMvAn2",
    "hidden": false,
    "nodes": [],
    "linkedNodes": {
      "column-0": "JdKlpVbdbh",
      "column-1": "-0SHNW24ef",
      "column-2": "YOw0NZau33"
    }
  },
  "JdKlpVbdbh": {
    "type": { "resolvedName": "ColumnContent" },
    "isCanvas": true,
    "props": { "className": "col-span-5" },
    "displayName": "ColumnContent",
    "custom": {},
    "parent": "s8b5lEg_m8",
    "hidden": false,
    "nodes": [],
    "linkedNodes": {}
  },
  "-0SHNW24ef": {
    "type": { "resolvedName": "ColumnContent" },
    "isCanvas": true,
    "props": { "className": "col-span-5" },
    "displayName": "ColumnContent",
    "custom": {},
    "parent": "s8b5lEg_m8",
    "hidden": false,
    "nodes": [],
    "linkedNodes": {}
  },
  "YOw0NZau33": {
    "type": { "resolvedName": "ColumnContent" },
    "isCanvas": true,
    "props": { "className": "col-span-3" },
    "displayName": "ColumnContent",
    "custom": {},
    "parent": "s8b5lEg_m8",
    "hidden": false,
    "nodes": ["TarCvRPPUP"],
    "linkedNodes": {}
  },
  "TarCvRPPUP": {
    "type": { "resolvedName": "Rows" },
    "isCanvas": false,
    "props": { "numberOfRows": 4, "gap": 0 },
    "displayName": "Rows",
    "custom": {},
    "parent": "YOw0NZau33",
    "hidden": false,
    "nodes": [],
    "linkedNodes": {
      "row-0": "Eus6aXutT7",
      "row-1": "-a8BQ-p4XJ",
      "row-2": "m1ZyIzCDHF",
      "row-3": "tspN0q9v97"
    }
  },
  "Eus6aXutT7": {
    "type": { "resolvedName": "RowContent" },
    "isCanvas": true,
    "props": {},
    "displayName": "RowContent",
    "custom": {},
    "parent": "TarCvRPPUP",
    "hidden": false,
    "nodes": [],
    "linkedNodes": {}
  },
  "-a8BQ-p4XJ": {
    "type": { "resolvedName": "RowContent" },
    "isCanvas": true,
    "props": {},
    "displayName": "RowContent",
    "custom": {},
    "parent": "TarCvRPPUP",
    "hidden": false,
    "nodes": [],
    "linkedNodes": {}
  },
  "m1ZyIzCDHF": {
    "type": { "resolvedName": "RowContent" },
    "isCanvas": true,
    "props": {},
    "displayName": "RowContent",
    "custom": {},
    "parent": "TarCvRPPUP",
    "hidden": false,
    "nodes": [],
    "linkedNodes": {}
  },
  "tspN0q9v97": {
    "type": { "resolvedName": "RowContent" },
    "isCanvas": true,
    "props": {},
    "displayName": "RowContent",
    "custom": {},
    "parent": "TarCvRPPUP",
    "hidden": false,
    "nodes": ["CmXX5WJnOA"],
    "linkedNodes": {}
  },
  "CmXX5WJnOA": {
    "type": { "resolvedName": "Columns" },
    "isCanvas": false,
    "props": { "numberOfCols": 2, "gap": 0 },
    "displayName": "Columns",
    "custom": {},
    "parent": "tspN0q9v97",
    "hidden": false,
    "nodes": [],
    "linkedNodes": { "column-0": "EqvHyR6wf-", "column-1": "su8t_ev31A" }
  },
  "EqvHyR6wf-": {
    "type": { "resolvedName": "ColumnContent" },
    "isCanvas": true,
    "props": { "className": "col-span-5" },
    "displayName": "ColumnContent",
    "custom": {},
    "parent": "CmXX5WJnOA",
    "hidden": false,
    "nodes": ["kpp47e2IWp"],
    "linkedNodes": {}
  },
  "su8t_ev31A": {
    "type": { "resolvedName": "ColumnContent" },
    "isCanvas": true,
    "props": { "className": "col-span-5" },
    "displayName": "ColumnContent",
    "custom": {},
    "parent": "CmXX5WJnOA",
    "hidden": false,
    "nodes": ["AXKHrnUB2h"],
    "linkedNodes": {}
  },
  "zz0Wk5i4OC": {
    "type": { "resolvedName": "Image" },
    "isCanvas": false,
    "props": {
      "src": "http://placekitten.com/480/320",
      "alt": "New image",
      "width": 480,
      "height": 320
    },
    "displayName": "Image",
    "custom": {},
    "parent": "p1vaPsGsgv",
    "hidden": false,
    "nodes": [],
    "linkedNodes": {}
  },
  "zC36CCy7iC": {
    "type": { "resolvedName": "Text" },
    "isCanvas": false,
    "props": { "text": "New text", "fontSize": 20 },
    "displayName": "Text",
    "custom": {},
    "parent": "PIbRFzvgc6",
    "hidden": false,
    "nodes": [],
    "linkedNodes": {}
  },
  "kpp47e2IWp": {
    "type": { "resolvedName": "Button" },
    "isCanvas": false,
    "props": { "text": "New button" },
    "displayName": "Button",
    "custom": {},
    "parent": "EqvHyR6wf-",
    "hidden": false,
    "nodes": [],
    "linkedNodes": {}
  },
  "AXKHrnUB2h": {
    "type": { "resolvedName": "Button" },
    "isCanvas": false,
    "props": { "text": "New button" },
    "displayName": "Button",
    "custom": {},
    "parent": "su8t_ev31A",
    "hidden": false,
    "nodes": [],
    "linkedNodes": {}
  }
}
